,Date,Name,Total Confirmed cases (Indian National),Total Confirmed cases ( Foreign National ),Discharged/Migrated,Deceased
0,2020-03-10,NCT of Delhi,4,0.0,,
1,2020-03-10,Haryana,0,14.0,,
2,2020-03-10,Kerala,9,0.0,,
3,2020-03-10,Rajasthan,0,2.0,,
4,2020-03-10,Telengana,1,0.0,,
5,2020-03-10,Uttar Pradesh,9,0.0,,
6,2020-03-10,Union Territory of Ladakh,2,0.0,,
7,2020-03-10,Tamil Nadu,1,0.0,,
8,2020-03-10,Jammu and Kashmir,1,0.0,,
9,2020-03-10,Punjab,1,0.0,,
10,2020-03-10,Karnataka,1,0.0,,
11,2020-03-10,Maharashtra,2,0.0,,
12,2020-03-10,NCT of Delhi,5,0.0,,
13,2020-03-10,Haryana,0,14.0,,
14,2020-03-10,Kerala,17,0.0,,
15,2020-03-10,Rajasthan,1,2.0,,
16,2020-03-10,Telengana,1,0.0,,
17,2020-03-10,Uttar Pradesh,9,0.0,,
18,2020-03-10,Union Territory of Ladakh,2,0.0,,
19,2020-03-10,Tamil Nadu,1,0.0,,
20,2020-03-10,Jammu and Kashmir,1,0.0,,
21,2020-03-10,Punjab,1,0.0,,
22,2020-03-10,Karnataka,4,0.0,,
23,2020-03-10,Maharashtra,2,0.0,,
24,2020-03-11,NCT of Delhi,6,0.0,0.0,
25,2020-03-11,Haryana,0,14.0,0.0,
26,2020-03-11,Kerala,17,0.0,3.0,
27,2020-03-11,Rajasthan,1,2.0,0.0,
28,2020-03-11,Telengana,1,0.0,0.0,
29,2020-03-11,Uttar Pradesh,10,1.0,0.0,
30,2020-03-11,Union Territory of Ladakh,3,0.0,0.0,
31,2020-03-11,Tamil Nadu,1,0.0,0.0,
32,2020-03-11,Jammu and Kashmir,1,0.0,0.0,
33,2020-03-11,Punjab,1,0.0,0.0,
34,2020-03-11,Karnataka,4,0.0,0.0,
35,2020-03-11,Maharashtra,11,0.0,0.0,
36,2020-03-11,Andhra Pradesh,1,0.0,0.0,
37,2020-03-12,NCT of Delhi,6,0.0,0.0,
38,2020-03-12,Haryana,0,14.0,0.0,
39,2020-03-12,Kerala,17,0.0,3.0,
40,2020-03-12,Rajasthan,1,2.0,0.0,
41,2020-03-12,Telengana,1,0.0,0.0,
42,2020-03-12,Uttar Pradesh,10,1.0,0.0,
43,2020-03-12,Union Territory of Ladakh,3,0.0,0.0,
44,2020-03-12,Tamil Nadu,1,0.0,0.0,
45,2020-03-12,Jammu and Kashmir,1,0.0,0.0,
46,2020-03-12,Punjab,1,0.0,0.0,
47,2020-03-12,Karnataka,4,0.0,0.0,
48,2020-03-12,Maharashtra,11,0.0,0.0,
49,2020-03-12,Andhra Pradesh,1,0.0,0.0,
50,2020-03-13,NCT of Delhi,7,0.0,1.0,1.0
51,2020-03-13,Haryana,0,14.0,0.0,0.0
52,2020-03-13,Kerala,19,0.0,3.0,0.0
53,2020-03-13,Rajasthan,1,2.0,1.0,0.0
54,2020-03-13,Telengana,1,0.0,0.0,0.0
55,2020-03-13,Uttar Pradesh,10,1.0,5.0,0.0
56,2020-03-13,Union Territory of Ladakh,3,0.0,0.0,0.0
57,2020-03-13,Tamil Nadu,1,0.0,0.0,0.0
58,2020-03-13,Jammu and Kashmir,1,0.0,0.0,0.0
59,2020-03-13,Punjab,1,0.0,0.0,0.0
60,2020-03-13,Karnataka,6,0.0,0.0,1.0
61,2020-03-13,Maharashtra,14,0.0,0.0,0.0
62,2020-03-13,Andhra Pradesh,1,0.0,0.0,0.0
63,2020-03-14,NCT of Delhi,7,0.0,1.0,1.0
64,2020-03-14,Haryana,0,14.0,0.0,0.0
65,2020-03-14,Kerala,19,0.0,3.0,0.0
66,2020-03-14,Rajasthan,1,2.0,1.0,0.0
67,2020-03-14,Telengana,1,0.0,0.0,0.0
68,2020-03-14,Uttar Pradesh,11,1.0,5.0,0.0
69,2020-03-14,Union Territory of Ladakh,3,0.0,0.0,0.0
70,2020-03-14,Tamil Nadu,1,0.0,0.0,0.0
71,2020-03-14,Jammu and Kashmir,2,0.0,0.0,0.0
72,2020-03-14,Punjab,1,0.0,0.0,0.0
73,2020-03-14,Karnataka,6,0.0,0.0,1.0
74,2020-03-14,Maharashtra,14,0.0,0.0,0.0
75,2020-03-14,Andhra Pradesh,1,0.0,0.0,0.0
76,2020-03-15,Andhra Pradesh,1,0.0,0.0,0.0
77,2020-03-15,NCT of Delhi,7,0.0,2.0,1.0
78,2020-03-15,Haryana,0,14.0,0.0,0.0
79,2020-03-15,Karnataka,6,0.0,0.0,1.0
80,2020-03-15,Kerala,22,0.0,3.0,0.0
81,2020-03-15,Maharashtra,32,0.0,0.0,0.0
82,2020-03-15,Punjab,1,0.0,0.0,0.0
83,2020-03-15,Rajasthan,2,2.0,3.0,0.0
84,2020-03-15,Tamil Nadu,1,0.0,0.0,0.0
85,2020-03-15,Telengana,3,0.0,1.0,0.0
86,2020-03-15,Jammu and Kashmir,2,0.0,0.0,0.0
87,2020-03-15,Union Territory of Ladakh,3,0.0,0.0,0.0
88,2020-03-15,Uttar Pradesh,12,1.0,4.0,0.0
89,2020-03-15,Uttarakhand,1,0.0,0.0,0.0
90,2020-03-16,Andhra Pradesh,1,0.0,0.0,0.0
91,2020-03-16,NCT of Delhi,7,0.0,2.0,1.0
92,2020-03-16,Haryana,0,14.0,0.0,0.0
93,2020-03-16,Karnataka,6,0.0,0.0,1.0
94,2020-03-16,Kerala,23,0.0,3.0,0.0
95,2020-03-16,Maharashtra,32,0.0,0.0,0.0
96,2020-03-16,Odisha,1,0.0,0.0,0.0
97,2020-03-16,Punjab,1,0.0,0.0,0.0
98,2020-03-16,Rajasthan,2,2.0,3.0,0.0
99,2020-03-16,Tamil Nadu,1,0.0,0.0,0.0
100,2020-03-16,Telengana,3,0.0,1.0,0.0
101,2020-03-16,Jammu and Kashmir,3,0.0,0.0,0.0
102,2020-03-16,Union Territory of Ladakh,4,0.0,0.0,0.0
103,2020-03-16,Uttar Pradesh,12,1.0,4.0,0.0
104,2020-03-16,Uttarakhand,1,0.0,0.0,0.0
105,2020-03-17,Andhra Pradesh,1,0.0,0.0,0.0
106,2020-03-17,NCT of Delhi,8,0.0,2.0,1.0
107,2020-03-17,Haryana,1,14.0,0.0,0.0
108,2020-03-17,Karnataka,11,0.0,0.0,1.0
109,2020-03-17,Kerala,24,2.0,3.0,0.0
110,2020-03-17,Maharashtra,36,3.0,0.0,1.0
111,2020-03-17,Odisha,1,0.0,0.0,0.0
112,2020-03-17,Punjab,1,0.0,0.0,0.0
113,2020-03-17,Rajasthan,2,2.0,3.0,0.0
114,2020-03-17,Tamil Nadu,1,0.0,0.0,0.0
115,2020-03-17,Telengana,3,2.0,1.0,0.0
116,2020-03-17,Jammu and Kashmir,3,0.0,0.0,0.0
117,2020-03-17,Union Territory of Ladakh,6,0.0,0.0,0.0
118,2020-03-17,Uttar Pradesh,14,1.0,5.0,0.0
119,2020-03-17,Uttarakhand,1,0.0,0.0,0.0
120,2020-03-18,Andhra Pradesh,1,0.0,0.0,0.0
121,2020-03-18,NCT of Delhi,9,1.0,2.0,1.0
122,2020-03-18,Haryana,3,14.0,0.0,0.0
123,2020-03-18,Karnataka,11,0.0,0.0,1.0
124,2020-03-18,Kerala,25,2.0,3.0,0.0
125,2020-03-18,Maharashtra,39,3.0,0.0,1.0
126,2020-03-18,Odisha,1,0.0,0.0,0.0
127,2020-03-18,Pondicherry,1,0.0,0.0,0.0
128,2020-03-18,Punjab,1,0.0,0.0,0.0
129,2020-03-18,Rajasthan,2,2.0,3.0,0.0
130,2020-03-18,Tamil Nadu,1,0.0,0.0,0.0
131,2020-03-18,Telengana,4,2.0,1.0,0.0
132,2020-03-18,Jammu and Kashmir,3,0.0,0.0,0.0
133,2020-03-18,Union Territory of Ladakh,8,0.0,0.0,0.0
134,2020-03-18,Uttar Pradesh,15,1.0,5.0,0.0
135,2020-03-18,Uttarakhand,1,0.0,0.0,0.0
136,2020-03-18,West Bengal,1,0.0,0.0,0.0
137,2020-03-19,Andhra Pradesh,2,0.0,0.0,0.0
138,2020-03-19,Chhattisgarh,1,0.0,0.0,0.0
139,2020-03-19,NCT of Delhi,11,1.0,3.0,1.0
140,2020-03-19,Haryana,3,14.0,0.0,0.0
141,2020-03-19,Karnataka,14,0.0,0.0,1.0
142,2020-03-19,Kerala,25,2.0,3.0,0.0
143,2020-03-19,Maharashtra,44,3.0,0.0,1.0
144,2020-03-19,Odisha,1,0.0,0.0,0.0
145,2020-03-19,Pondicherry,1,0.0,0.0,0.0
146,2020-03-19,Punjab,2,0.0,0.0,1.0
147,2020-03-19,Rajasthan,5,2.0,3.0,0.0
148,2020-03-19,Tamil Nadu,2,0.0,1.0,0.0
149,2020-03-19,Telengana,4,2.0,1.0,0.0
150,2020-03-19,Chandigarh,1,0.0,0.0,0.0
151,2020-03-19,Jammu and Kashmir,4,0.0,0.0,0.0
152,2020-03-19,Union Territory of Ladakh,8,0.0,0.0,0.0
153,2020-03-19,Uttar Pradesh,18,1.0,9.0,0.0
154,2020-03-19,Uttarakhand,1,0.0,0.0,0.0
155,2020-03-19,West Bengal,1,0.0,0.0,0.0
156,2020-03-20,Andhra Pradesh,3,0.0,0.0,0.0
157,2020-03-20,Chhattisgarh,1,0.0,0.0,0.0
158,2020-03-20,NCT of Delhi,16,1.0,5.0,1.0
159,2020-03-20,Gujarat,5,0.0,0.0,0.0
160,2020-03-20,Haryana,3,14.0,0.0,0.0
161,2020-03-20,Karnataka,15,0.0,1.0,1.0
162,2020-03-20,Kerala,26,2.0,3.0,0.0
163,2020-03-20,Maharashtra,49,3.0,0.0,1.0
164,2020-03-20,Odisha,2,0.0,0.0,0.0
165,2020-03-20,Puducherry,1,0.0,0.0,0.0
166,2020-03-20,Punjab,2,0.0,0.0,1.0
167,2020-03-20,Rajasthan,15,2.0,3.0,0.0
168,2020-03-20,Tamil Nadu,3,0.0,1.0,0.0
169,2020-03-20,Telengana,8,9.0,1.0,0.0
170,2020-03-20,Chandigarh,1,0.0,0.0,0.0
171,2020-03-20,Jammu and Kashmir,4,0.0,0.0,0.0
172,2020-03-20,Union Territory of Ladakh,10,0.0,0.0,0.0
173,2020-03-20,Uttar Pradesh,22,1.0,9.0,0.0
174,2020-03-20,Uttarakhand,3,0.0,0.0,0.0
175,2020-03-20,West Bengal,2,0.0,0.0,0.0
176,2020-03-21,Andhra Pradesh,3,0.0,0.0,0.0
177,2020-03-21,Chhattisgarh,1,0.0,0.0,0.0
178,2020-03-21,NCT of Delhi,25,1.0,5.0,1.0
179,2020-03-21,Gujarat,7,0.0,0.0,0.0
180,2020-03-21,Haryana,3,14.0,0.0,0.0
181,2020-03-21,Himachal Pradesh,2,0.0,0.0,0.0
182,2020-03-21,Karnataka,15,0.0,1.0,1.0
183,2020-03-21,Kerala,33,7.0,3.0,0.0
184,2020-03-21,Madhya Pradesh,4,0.0,0.0,0.0
185,2020-03-21,Maharashtra,60,3.0,0.0,1.0
186,2020-03-21,Odisha,2,0.0,0.0,0.0
187,2020-03-21,Puducherry,1,0.0,0.0,0.0
188,2020-03-21,Punjab,13,0.0,0.0,1.0
189,2020-03-21,Rajasthan,15,2.0,3.0,0.0
190,2020-03-21,Tamil Nadu,3,0.0,1.0,0.0
191,2020-03-21,Telengana,10,11.0,1.0,0.0
192,2020-03-21,Chandigarh,1,0.0,0.0,0.0
193,2020-03-21,Jammu and Kashmir,4,0.0,0.0,0.0
194,2020-03-21,Ladakh,13,0.0,0.0,0.0
195,2020-03-21,Uttar Pradesh,23,1.0,9.0,0.0
196,2020-03-21,Uttarakhand,3,0.0,0.0,0.0
197,2020-03-21,West Bengal,3,0.0,0.0,0.0
198,2020-03-22,Andhra Pradesh,5,0.0,0.0,0.0
199,2020-03-22,Bihar,2,0.0,0.0,1.0
200,2020-03-22,Chhattisgarh,1,0.0,0.0,0.0
201,2020-03-22,NCT of Delhi,28,1.0,5.0,1.0
202,2020-03-22,Gujarat,18,0.0,0.0,1.0
203,2020-03-22,Haryana,7,14.0,0.0,0.0
204,2020-03-22,Himachal Pradesh,2,0.0,0.0,0.0
205,2020-03-22,Karnataka,26,0.0,2.0,1.0
206,2020-03-22,Kerala,45,7.0,3.0,0.0
207,2020-03-22,Madhya Pradesh,4,0.0,0.0,0.0
208,2020-03-22,Maharashtra,64,3.0,0.0,2.0
209,2020-03-22,Odisha,2,0.0,0.0,0.0
210,2020-03-22,Puducherry,1,0.0,0.0,0.0
211,2020-03-22,Punjab,21,0.0,0.0,1.0
212,2020-03-22,Rajasthan,22,2.0,3.0,0.0
213,2020-03-22,Tamil Nadu,5,2.0,1.0,0.0
214,2020-03-22,Telengana,11,11.0,1.0,0.0
215,2020-03-22,Chandigarh,5,0.0,0.0,0.0
216,2020-03-22,Jammu and Kashmir,4,0.0,0.0,0.0
217,2020-03-22,Ladakh,13,0.0,0.0,0.0
218,2020-03-22,Uttar Pradesh,26,1.0,9.0,0.0
219,2020-03-22,Uttarakhand,3,0.0,0.0,0.0
220,2020-03-22,West Bengal,4,0.0,0.0,0.0
221,2020-03-23,Andhra Pradesh,7,0.0,0.0,0.0
222,2020-03-23,Bihar,2,0.0,0.0,1.0
223,2020-03-23,Chhattisgarh,1,0.0,0.0,0.0
224,2020-03-23,NCT of Delhi,28,1.0,5.0,1.0
225,2020-03-23,Gujarat,29,0.0,0.0,1.0
226,2020-03-23,Haryana,12,14.0,11.0,0.0
227,2020-03-23,Himachal Pradesh,3,0.0,0.0,1.0
228,2020-03-23,Karnataka,33,0.0,2.0,1.0
229,2020-03-23,Kerala,60,7.0,3.0,0.0
230,2020-03-23,Madhya Pradesh,6,0.0,0.0,0.0
231,2020-03-23,Maharashtra,71,3.0,0.0,2.0
232,2020-03-23,Odisha,2,0.0,0.0,0.0
233,2020-03-23,Puducherry,1,0.0,0.0,0.0
234,2020-03-23,Punjab,21,0.0,0.0,1.0
235,2020-03-23,Rajasthan,26,2.0,3.0,0.0
236,2020-03-23,Tamil Nadu,7,2.0,1.0,0.0
237,2020-03-23,Telengana,22,10.0,1.0,0.0
238,2020-03-23,Chandigarh,6,0.0,0.0,0.0
239,2020-03-23,Jammu and Kashmir,4,0.0,0.0,0.0
240,2020-03-23,Ladakh,13,0.0,0.0,0.0
241,2020-03-23,Uttar Pradesh,30,1.0,9.0,0.0
242,2020-03-23,Uttarakhand,3,0.0,0.0,0.0
243,2020-03-23,West Bengal,7,0.0,0.0,1.0
244,2020-03-24,Andhra Pradesh,8,0.0,0.0,0.0
245,2020-03-24,Bihar,3,0.0,0.0,1.0
246,2020-03-24,Chhattisgarh,1,0.0,0.0,0.0
247,2020-03-24,NCT of Delhi,29,1.0,6.0,2.0
248,2020-03-24,Gujarat,32,1.0,0.0,1.0
249,2020-03-24,Haryana,14,14.0,11.0,0.0
250,2020-03-24,Himachal Pradesh,3,0.0,0.0,1.0
251,2020-03-24,Karnataka,37,0.0,3.0,1.0
252,2020-03-24,Kerala,87,8.0,4.0,0.0
253,2020-03-24,Madhya Pradesh,7,0.0,0.0,0.0
254,2020-03-24,Maharashtra,86,3.0,0.0,2.0
255,2020-03-24,Manipur,1,0.0,0.0,0.0
256,2020-03-24,Odisha,2,0.0,0.0,0.0
257,2020-03-24,Puducherry,1,0.0,0.0,0.0
258,2020-03-24,Punjab,29,0.0,0.0,1.0
259,2020-03-24,Rajasthan,30,2.0,3.0,0.0
260,2020-03-24,Tamil Nadu,13,2.0,1.0,0.0
261,2020-03-24,Telengana,25,10.0,1.0,0.0
262,2020-03-24,Chandigarh,7,0.0,0.0,0.0
263,2020-03-24,Jammu and Kashmir,4,0.0,0.0,0.0
264,2020-03-24,Ladakh,13,0.0,0.0,0.0
265,2020-03-24,Uttar Pradesh,32,1.0,11.0,0.0
266,2020-03-24,Uttarakhand,3,1.0,0.0,0.0
267,2020-03-24,West Bengal,9,0.0,0.0,1.0
268,2020-03-25,Andhra Pradesh,9,0.0,1.0,0.0
269,2020-03-25,Bihar,4,0.0,0.0,1.0
270,2020-03-25,Chhattisgarh,1,0.0,0.0,0.0
271,2020-03-25,NCT of Delhi,30,1.0,6.0,1.0
272,2020-03-25,Gujarat,37,1.0,0.0,1.0
273,2020-03-25,Haryana,14,14.0,11.0,0.0
274,2020-03-25,Himachal Pradesh,3,0.0,0.0,1.0
275,2020-03-25,Karnataka,41,0.0,3.0,1.0
276,2020-03-25,Kerala,101,8.0,4.0,0.0
277,2020-03-25,Madhya Pradesh,14,0.0,0.0,0.0
278,2020-03-25,Maharashtra,125,3.0,1.0,3.0
279,2020-03-25,Manipur,1,0.0,0.0,0.0
280,2020-03-25,Mizoram,1,0.0,0.0,0.0
281,2020-03-25,Odisha,2,0.0,0.0,0.0
282,2020-03-25,Puducherry,1,0.0,0.0,0.0
283,2020-03-25,Punjab,29,0.0,0.0,1.0
284,2020-03-25,Rajasthan,34,2.0,3.0,0.0
285,2020-03-25,Tamil Nadu,16,2.0,1.0,0.0
286,2020-03-25,Telengana,25,10.0,1.0,0.0
287,2020-03-25,Chandigarh,7,0.0,0.0,0.0
288,2020-03-25,Jammu and Kashmir,7,0.0,1.0,0.0
289,2020-03-25,Ladakh,13,0.0,0.0,0.0
290,2020-03-25,Uttar Pradesh,36,1.0,11.0,0.0
291,2020-03-25,Uttarakhand,3,1.0,0.0,0.0
292,2020-03-25,West Bengal,9,0.0,0.0,1.0
293,2020-03-26,Andaman and Nicobar,1,0.0,0.0,0.0
294,2020-03-26,Andhra Pradesh,11,0.0,1.0,0.0
295,2020-03-26,Bihar,6,0.0,0.0,1.0
296,2020-03-26,Chandigarh,7,0.0,0.0,0.0
297,2020-03-26,Chhattisgarh,6,0.0,0.0,0.0
298,2020-03-26,NCT of Delhi,35,1.0,6.0,1.0
299,2020-03-26,Goa,3,0.0,0.0,0.0
300,2020-03-26,Gujarat,42,1.0,0.0,3.0
301,2020-03-26,Haryana,16,14.0,11.0,0.0
302,2020-03-26,Himachal Pradesh,3,0.0,0.0,1.0
303,2020-03-26,Jammu and Kashmir,13,0.0,1.0,0.0
304,2020-03-26,Karnataka,55,0.0,3.0,2.0
305,2020-03-26,Kerala,110,8.0,6.0,0.0
306,2020-03-26,Ladakh,13,0.0,0.0,0.0
307,2020-03-26,Madhya Pradesh,20,0.0,0.0,1.0
308,2020-03-26,Maharashtra,121,3.0,1.0,3.0
309,2020-03-26,Manipur,1,0.0,0.0,0.0
310,2020-03-26,Mizoram,1,0.0,0.0,0.0
311,2020-03-26,Odisha,2,0.0,0.0,0.0
312,2020-03-26,Puducherry,1,0.0,0.0,0.0
313,2020-03-26,Punjab,33,0.0,0.0,1.0
314,2020-03-26,Rajasthan,39,2.0,3.0,0.0
315,2020-03-26,Tamil Nadu,20,6.0,1.0,1.0
316,2020-03-26,Telengana,34,10.0,1.0,0.0
317,2020-03-26,Uttarakhand,4,1.0,0.0,0.0
318,2020-03-26,Uttar Pradesh,40,1.0,11.0,0.0
319,2020-03-26,West Bengal,10,0.0,0.0,1.0
320,2020-03-27,Andaman and Nicobar,1,0.0,0.0,0.0
321,2020-03-27,Andhra Pradesh,12,0.0,1.0,0.0
322,2020-03-27,Bihar,6,0.0,0.0,1.0
323,2020-03-27,Chandigarh,7,0.0,0.0,0.0
324,2020-03-27,Chhattisgarh,6,0.0,0.0,0.0
325,2020-03-27,NCT of Delhi,35,1.0,6.0,1.0
326,2020-03-27,Goa,3,0.0,0.0,0.0
327,2020-03-27,Gujarat,42,1.0,0.0,3.0
328,2020-03-27,Haryana,16,14.0,11.0,0.0
329,2020-03-27,Himachal Pradesh,3,0.0,0.0,1.0
330,2020-03-27,Jammu and Kashmir,13,0.0,1.0,1.0
331,2020-03-27,Karnataka,55,0.0,3.0,2.0
332,2020-03-27,Kerala,129,8.0,11.0,0.0
333,2020-03-27,Ladakh,13,0.0,3.0,0.0
334,2020-03-27,Madhya Pradesh,20,0.0,0.0,1.0
335,2020-03-27,Maharashtra,127,3.0,15.0,4.0
336,2020-03-27,Manipur,1,0.0,0.0,0.0
337,2020-03-27,Mizoram,1,0.0,0.0,0.0
338,2020-03-27,Odisha,2,0.0,0.0,0.0
339,2020-03-27,Puducherry,1,0.0,0.0,0.0
340,2020-03-27,Punjab,33,0.0,0.0,1.0
341,2020-03-27,Rajasthan,39,2.0,3.0,0.0
342,2020-03-27,Tamil Nadu,23,6.0,1.0,1.0
343,2020-03-27,Telengana,35,10.0,1.0,0.0
344,2020-03-27,Uttarakhand,4,1.0,0.0,0.0
345,2020-03-27,Uttar Pradesh,40,1.0,11.0,0.0
346,2020-03-27,West Bengal,10,0.0,0.0,1.0
347,2020-03-28,Andhra Pradesh,14,0.0,1.0,0.0
348,2020-03-28,Andaman and Nicobar,6,0.0,0.0,0.0
349,2020-03-28,Bihar,9,0.0,0.0,1.0
350,2020-03-28,Chandigarh,8,0.0,0.0,0.0
351,2020-03-28,Chhattisgarh,6,0.0,0.0,0.0
352,2020-03-28,NCT of Delhi,38,1.0,6.0,1.0
353,2020-03-28,Goa,3,0.0,0.0,0.0
354,2020-03-28,Gujarat,44,1.0,0.0,3.0
355,2020-03-28,Haryana,19,14.0,12.0,0.0
356,2020-03-28,Himachal Pradesh,3,0.0,0.0,1.0
357,2020-03-28,Jammu and Kashmir,20,0.0,1.0,1.0
358,2020-03-28,Karnataka,55,0.0,3.0,2.0
359,2020-03-28,Kerala,168,8.0,11.0,0.0
360,2020-03-28,Ladakh,13,0.0,3.0,0.0
361,2020-03-28,Madhya Pradesh,30,0.0,0.0,2.0
362,2020-03-28,Maharashtra,177,3.0,25.0,5.0
363,2020-03-28,Manipur,1,0.0,0.0,0.0
364,2020-03-28,Mizoram,1,0.0,0.0,0.0
365,2020-03-28,Odisha,3,0.0,0.0,0.0
366,2020-03-28,Puducherry,1,0.0,0.0,0.0
367,2020-03-28,Punjab,38,0.0,1.0,1.0
368,2020-03-28,Rajasthan,52,2.0,3.0,0.0
369,2020-03-28,Tamil Nadu,34,6.0,2.0,1.0
370,2020-03-28,Telengana,46,10.0,1.0,0.0
371,2020-03-28,Uttarakhand,4,1.0,0.0,0.0
372,2020-03-28,Uttar Pradesh,54,1.0,11.0,0.0
373,2020-03-28,West Bengal,15,0.0,0.0,1.0
374,2020-03-29,Andhra Pradesh,19,,1.0,0.0
375,2020-03-29,Andaman and Nicobar,9,,0.0,0.0
376,2020-03-29,Bihar,11,,0.0,1.0
377,2020-03-29,Chandigarh,8,,0.0,0.0
378,2020-03-29,Chhattisgarh,7,,0.0,0.0
379,2020-03-29,NCT of Delhi,49,,6.0,2.0
380,2020-03-29,Goa,5,,0.0,0.0
381,2020-03-29,Gujarat,58,,1.0,5.0
382,2020-03-29,Haryana,33,,17.0,0.0
383,2020-03-29,Himachal Pradesh,3,,0.0,1.0
384,2020-03-29,Jammu and Kashmir,31,,1.0,2.0
385,2020-03-29,Karnataka,76,,5.0,3.0
386,2020-03-29,Kerala,182,,15.0,1.0
387,2020-03-29,Ladakh,13,,3.0,0.0
388,2020-03-29,Madhya Pradesh,30,,0.0,2.0
389,2020-03-29,Maharashtra,186,,25.0,6.0
390,2020-03-29,Manipur,1,,0.0,0.0
391,2020-03-29,Mizoram,1,,0.0,0.0
392,2020-03-29,Odisha,3,,0.0,0.0
393,2020-03-29,Puducherry,1,,0.0,0.0
394,2020-03-29,Punjab,38,,1.0,1.0
395,2020-03-29,Rajasthan,55,,3.0,0.0
396,2020-03-29,Tamil Nadu,49,,4.0,1.0
397,2020-03-29,Telengana,66,,1.0,1.0
398,2020-03-29,Uttarakhand,7,,2.0,0.0
399,2020-03-29,Uttar Pradesh,65,,11.0,0.0
400,2020-03-29,West Bengal,18,,0.0,1.0
401,2020-03-30,Andhra Pradesh,23,,1.0,0.0
402,2020-03-30,Andaman and Nicobar,9,,0.0,0.0
403,2020-03-30,Bihar,15,,0.0,1.0
404,2020-03-30,Chandigarh,8,,0.0,0.0
405,2020-03-30,Chhattisgarh,7,,0.0,0.0
406,2020-03-30,NCT of Delhi,87,,6.0,2.0
407,2020-03-30,Goa,5,,0.0,0.0
408,2020-03-30,Gujarat,69,,1.0,6.0
409,2020-03-30,Haryana,36,,18.0,0.0
410,2020-03-30,Himachal Pradesh,3,,0.0,1.0
411,2020-03-30,Jammu and Kashmir,48,,2.0,2.0
412,2020-03-30,Karnataka,83,,5.0,3.0
413,2020-03-30,Kerala,202,,19.0,1.0
414,2020-03-30,Ladakh,13,,3.0,0.0
415,2020-03-30,Madhya Pradesh,47,,0.0,3.0
416,2020-03-30,Maharashtra,198,,25.0,8.0
417,2020-03-30,Manipur,1,,0.0,0.0
418,2020-03-30,Mizoram,1,,0.0,0.0
419,2020-03-30,Odisha,3,,0.0,0.0
420,2020-03-30,Puducherry,1,,0.0,0.0
421,2020-03-30,Punjab,38,,1.0,1.0
422,2020-03-30,Rajasthan,59,,3.0,0.0
423,2020-03-30,Tamil Nadu,67,,4.0,1.0
424,2020-03-30,Telengana,71,,1.0,1.0
425,2020-03-30,Uttarakhand,7,,2.0,0.0
426,2020-03-30,Uttar Pradesh,82,,11.0,0.0
427,2020-03-30,West Bengal,22,,0.0,1.0
428,2020-04-01,Andhra Pradesh,83,,0.0,0.0
429,2020-04-01,Andaman and Nicobar,10,,1.0,0.0
430,2020-04-01,Assam,1,,0.0,0.0
431,2020-04-01,Bihar,23,,0.0,1.0
432,2020-04-01,Chandigarh,16,,0.0,0.0
433,2020-04-01,Chhattisgarh,9,,2.0,0.0
434,2020-04-01,NCT of Delhi,152,,6.0,2.0
435,2020-04-01,Goa,5,,0.0,0.0
436,2020-04-01,Gujarat,82,,5.0,6.0
437,2020-04-01,Haryana,43,,21.0,0.0
438,2020-04-01,Himachal Pradesh,3,,0.0,1.0
439,2020-04-01,Jammu and Kashmir,62,,2.0,2.0
440,2020-04-01,Jharkhand,1,,0.0,0.0
441,2020-04-01,Karnataka,101,,8.0,3.0
442,2020-04-01,Kerala,241,,23.0,2.0
443,2020-04-01,Ladakh,13,,3.0,0.0
444,2020-04-01,Madhya Pradesh,66,,0.0,3.0
445,2020-04-01,Maharashtra,302,,39.0,9.0
446,2020-04-01,Manipur,1,,0.0,0.0
447,2020-04-01,Mizoram,1,,0.0,0.0
448,2020-04-01,Odisha,4,,0.0,0.0
449,2020-04-01,Puducherry,3,,1.0,0.0
450,2020-04-01,Punjab,42,,1.0,3.0
451,2020-04-01,Rajasthan,93,,3.0,0.0
452,2020-04-01,Tamil Nadu,234,,6.0,1.0
453,2020-04-01,Telengana,96,,1.0,3.0
454,2020-04-01,Uttarakhand,7,,2.0,0.0
455,2020-04-01,Uttar Pradesh,103,,14.0,2.0
456,2020-04-01,West Bengal,37,,6.0,3.0
457,2020-04-02,Andhra Pradesh,86,,1.0,1.0
458,2020-04-02,Andaman and Nicobar,10,,0.0,0.0
459,2020-04-02,Assam,5,,0.0,0.0
460,2020-04-02,Bihar,24,,0.0,1.0
461,2020-04-02,Chandigarh,16,,0.0,0.0
462,2020-04-02,Chhattisgarh,9,,2.0,0.0
463,2020-04-02,NCT of Delhi,219,,8.0,4.0
464,2020-04-02,Goa,5,,0.0,0.0
465,2020-04-02,Gujarat,87,,8.0,7.0
466,2020-04-02,Haryana,43,,21.0,0.0
467,2020-04-02,Himachal Pradesh,3,,1.0,1.0
468,2020-04-02,Jammu and Kashmir,62,,2.0,2.0
469,2020-04-02,Jharkhand,1,,0.0,0.0
470,2020-04-02,Karnataka,110,,9.0,3.0
471,2020-04-02,Kerala,265,,25.0,2.0
472,2020-04-02,Ladakh,13,,3.0,0.0
473,2020-04-02,Madhya Pradesh,99,,0.0,6.0
474,2020-04-02,Maharashtra,335,,42.0,13.0
475,2020-04-02,Manipur,1,,0.0,0.0
476,2020-04-02,Mizoram,1,,0.0,0.0
477,2020-04-02,Odisha,4,,0.0,0.0
478,2020-04-02,Puducherry,3,,1.0,0.0
479,2020-04-02,Punjab,46,,1.0,4.0
480,2020-04-02,Rajasthan,108,,3.0,0.0
481,2020-04-02,Tamil Nadu,234,,6.0,1.0
482,2020-04-02,Telengana,107,,1.0,3.0
483,2020-04-02,Uttarakhand,7,,2.0,0.0
484,2020-04-02,Uttar Pradesh,113,,14.0,2.0
485,2020-04-02,West Bengal,53,,6.0,3.0
486,2020-04-03,Andhra Pradesh,132,,1.0,1.0
487,2020-04-03,Andaman and Nicobar,10,,0.0,0.0
488,2020-04-03,Arunachal Pradesh,1,,0.0,0.0
489,2020-04-03,Assam,16,,0.0,0.0
490,2020-04-03,Bihar,29,,0.0,1.0
491,2020-04-03,Chandigarh,18,,0.0,0.0
492,2020-04-03,Chhattisgarh,9,,3.0,0.0
493,2020-04-03,NCT of Delhi,219,,8.0,4.0
494,2020-04-03,Goa,6,,0.0,0.0
495,2020-04-03,Gujarat,95,,10.0,8.0
496,2020-04-03,Haryana,49,,24.0,0.0
497,2020-04-03,Himachal Pradesh,6,,1.0,1.0
498,2020-04-03,Jammu and Kashmir,75,,3.0,2.0
499,2020-04-03,Jharkhand,2,,0.0,0.0
500,2020-04-03,Karnataka,124,,10.0,3.0
501,2020-04-03,Kerala,286,,27.0,2.0
502,2020-04-03,Ladakh,14,,3.0,0.0
503,2020-04-03,Madhya Pradesh,104,,0.0,6.0
504,2020-04-03,Maharashtra,335,,42.0,16.0
505,2020-04-03,Manipur,2,,0.0,0.0
506,2020-04-03,Mizoram,1,,0.0,0.0
507,2020-04-03,Odisha,5,,0.0,0.0
508,2020-04-03,Puducherry,5,,1.0,0.0
509,2020-04-03,Punjab,48,,1.0,5.0
510,2020-04-03,Rajasthan,167,,3.0,0.0
511,2020-04-03,Tamil Nadu,309,,6.0,1.0
512,2020-04-03,Telengana,158,,1.0,7.0
513,2020-04-03,Uttarakhand,10,,2.0,0.0
514,2020-04-03,Uttar Pradesh,172,,14.0,2.0
515,2020-04-03,West Bengal,63,,3.0,3.0
516,2020-04-04,Andhra Pradesh,161,,1.0,1.0
517,2020-04-04,Andaman and Nicobar,10,,0.0,0.0
518,2020-04-04,Arunachal Pradesh,1,,0.0,0.0
519,2020-04-04,Assam,24,,0.0,0.0
520,2020-04-04,Bihar,30,,0.0,1.0
521,2020-04-04,Chandigarh,18,,0.0,0.0
522,2020-04-04,Chhattisgarh,9,,3.0,0.0
523,2020-04-04,NCT of Delhi,445,,15.0,6.0
524,2020-04-04,Goa,7,,0.0,0.0
525,2020-04-04,Gujarat,105,,14.0,10.0
526,2020-04-04,Haryana,49,,24.0,0.0
527,2020-04-04,Himachal Pradesh,6,,1.0,1.0
528,2020-04-04,Jammu and Kashmir,75,,3.0,2.0
529,2020-04-04,Jharkhand,2,,0.0,0.0
530,2020-04-04,Karnataka,128,,12.0,3.0
531,2020-04-04,Kerala,295,,41.0,2.0
532,2020-04-04,Ladakh,14,,3.0,0.0
533,2020-04-04,Madhya Pradesh,104,,0.0,6.0
534,2020-04-04,Maharashtra,490,,42.0,24.0
535,2020-04-04,Manipur,2,,0.0,0.0
536,2020-04-04,Mizoram,1,,0.0,0.0
537,2020-04-04,Odisha,5,,0.0,0.0
538,2020-04-04,Puducherry,5,,1.0,0.0
539,2020-04-04,Punjab,57,,1.0,5.0
540,2020-04-04,Rajasthan,200,,21.0,0.0
541,2020-04-04,Tamil Nadu,411,,6.0,2.0
542,2020-04-04,Telengana,159,,1.0,7.0
543,2020-04-04,Uttarakhand,16,,2.0,0.0
544,2020-04-04,Uttar Pradesh,174,,19.0,2.0
545,2020-04-04,West Bengal,69,,3.0,3.0
546,2020-04-05,Andhra Pradesh,190,,1.0,1.0
547,2020-04-05,Andaman and Nicobar,10,,0.0,0.0
548,2020-04-05,Arunachal Pradesh,1,,0.0,0.0
549,2020-04-05,Assam,26,,0.0,0.0
550,2020-04-05,Bihar,30,,0.0,1.0
551,2020-04-05,Chandigarh,18,,0.0,0.0
552,2020-04-05,Chhattisgarh,9,,3.0,0.0
553,2020-04-05,NCT of Delhi,503,,18.0,7.0
554,2020-04-05,Goa,7,,0.0,0.0
555,2020-04-05,Gujarat,122,,18.0,11.0
556,2020-04-05,Haryana,59,,25.0,1.0
557,2020-04-05,Himachal Pradesh,6,,1.0,1.0
558,2020-04-05,Jammu and Kashmir,106,,4.0,2.0
559,2020-04-05,Jharkhand,3,,0.0,0.0
560,2020-04-05,Karnataka,144,,12.0,4.0
561,2020-04-05,Kerala,306,,49.0,2.0
562,2020-04-05,Ladakh,14,,10.0,0.0
563,2020-04-05,Madhya Pradesh,165,,0.0,9.0
564,2020-04-05,Maharashtra,490,,42.0,24.0
565,2020-04-05,Manipur,2,,0.0,0.0
566,2020-04-05,Mizoram,1,,0.0,0.0
567,2020-04-05,Odisha,20,,0.0,0.0
568,2020-04-05,Puducherry,5,,1.0,0.0
569,2020-04-05,Punjab,57,,1.0,5.0
570,2020-04-05,Rajasthan,200,,21.0,0.0
571,2020-04-05,Tamil Nadu,485,,6.0,3.0
572,2020-04-05,Telengana,269,,32.0,7.0
573,2020-04-05,Uttarakhand,22,,2.0,0.0
574,2020-04-05,Uttar Pradesh,227,,19.0,2.0
575,2020-04-05,West Bengal,80,,10.0,3.0
576,2020-04-06,Andhra Pradesh,226,,1.0,3.0
577,2020-04-06,Andaman and Nicobar,10,,0.0,0.0
578,2020-04-06,Arunachal Pradesh,1,,0.0,0.0
579,2020-04-06,Assam,26,,0.0,0.0
580,2020-04-06,Bihar,32,,0.0,1.0
581,2020-04-06,Chandigarh,18,,0.0,0.0
582,2020-04-06,Chhattisgarh,10,,8.0,0.0
583,2020-04-06,NCT of Delhi,523,,19.0,7.0
584,2020-04-06,Goa,7,,0.0,0.0
585,2020-04-06,Gujarat,144,,22.0,12.0
586,2020-04-06,Haryana,84,,25.0,1.0
587,2020-04-06,Himachal Pradesh,13,,2.0,1.0
588,2020-04-06,Jammu and Kashmir,109,,4.0,2.0
589,2020-04-06,Jharkhand,4,,0.0,0.0
590,2020-04-06,Karnataka,151,,12.0,4.0
591,2020-04-06,Kerala,314,,55.0,2.0
592,2020-04-06,Ladakh,14,,10.0,0.0
593,2020-04-06,Madhya Pradesh,165,,0.0,9.0
594,2020-04-06,Maharashtra,748,,56.0,45.0
595,2020-04-06,Manipur,2,,0.0,0.0
596,2020-04-06,Mizoram,1,,0.0,0.0
597,2020-04-06,Odisha,21,,2.0,0.0
598,2020-04-06,Puducherry,5,,1.0,0.0
599,2020-04-06,Punjab,76,,4.0,6.0
600,2020-04-06,Rajasthan,274,,21.0,0.0
601,2020-04-06,Tamil Nadu,571,,8.0,5.0
602,2020-04-06,Telengana,321,,34.0,7.0
603,2020-04-06,Uttarakhand,26,,4.0,0.0
604,2020-04-06,Uttar Pradesh,305,,21.0,3.0
605,2020-04-06,West Bengal,80,,10.0,3.0
606,2020-04-07,Andhra Pradesh,266,,1.0,3.0
607,2020-04-07,Andaman and Nicobar,10,,0.0,0.0
608,2020-04-07,Arunachal Pradesh,1,,0.0,0.0
609,2020-04-07,Assam,26,,0.0,0.0
610,2020-04-07,Bihar,32,,0.0,1.0
611,2020-04-07,Chandigarh,18,,7.0,0.0
612,2020-04-07,Chhattisgarh,10,,9.0,0.0
613,2020-04-07,NCT of Delhi,576,,21.0,7.0
614,2020-04-07,Goa,7,,0.0,0.0
615,2020-04-07,Gujarat,165,,25.0,13.0
616,2020-04-07,Haryana,90,,25.0,1.0
617,2020-04-07,Himachal Pradesh,13,,2.0,1.0
618,2020-04-07,Jammu and Kashmir,116,,4.0,2.0
619,2020-04-07,Jharkhand,4,,0.0,0.0
620,2020-04-07,Karnataka,175,,25.0,4.0
621,2020-04-07,Kerala,327,,58.0,2.0
622,2020-04-07,Ladakh,14,,10.0,0.0
623,2020-04-07,Madhya Pradesh,229,,0.0,13.0
624,2020-04-07,Maharashtra,868,,56.0,48.0
625,2020-04-07,Manipur,2,,0.0,0.0
626,2020-04-07,Mizoram,1,,0.0,0.0
627,2020-04-07,Odisha,42,,2.0,1.0
628,2020-04-07,Puducherry,5,,1.0,0.0
629,2020-04-07,Punjab,91,,4.0,7.0
630,2020-04-07,Rajasthan,288,,21.0,3.0
631,2020-04-07,Tamil Nadu,621,,8.0,5.0
632,2020-04-07,Telengana,364,,35.0,7.0
633,2020-04-07,Tripura,1,,0.0,0.0
634,2020-04-07,Uttarakhand,31,,5.0,0.0
635,2020-04-07,Uttar Pradesh,305,,21.0,3.0
636,2020-04-07,West Bengal,91,,13.0,3.0
637,2020-04-08,Andhra Pradesh,305,,5.0,4.0
638,2020-04-08,Andaman and Nicobar,10,,0.0,0.0
639,2020-04-08,Arunachal Pradesh,1,,0.0,0.0
640,2020-04-08,Assam,27,,0.0,0.0
641,2020-04-08,Bihar,38,,0.0,1.0
642,2020-04-08,Chandigarh,18,,7.0,0.0
643,2020-04-08,Chhattisgarh,10,,9.0,0.0
644,2020-04-08,NCT of Delhi,576,,21.0,9.0
645,2020-04-08,Goa,7,,0.0,0.0
646,2020-04-08,Gujarat,165,,25.0,13.0
647,2020-04-08,Haryana,147,,28.0,3.0
648,2020-04-08,Himachal Pradesh,18,,2.0,1.0
649,2020-04-08,Jammu and Kashmir,116,,4.0,2.0
650,2020-04-08,Jharkhand,4,,0.0,0.0
651,2020-04-08,Karnataka,175,,25.0,4.0
652,2020-04-08,Kerala,336,,70.0,2.0
653,2020-04-08,Ladakh,14,,10.0,0.0
654,2020-04-08,Madhya Pradesh,229,,0.0,13.0
655,2020-04-08,Maharashtra,1018,,79.0,64.0
656,2020-04-08,Manipur,2,,0.0,0.0
657,2020-04-08,Mizoram,1,,0.0,0.0
658,2020-04-08,Odisha,42,,2.0,1.0
659,2020-04-08,Puducherry,5,,1.0,0.0
660,2020-04-08,Punjab,91,,4.0,7.0
661,2020-04-08,Rajasthan,328,,21.0,3.0
662,2020-04-08,Tamil Nadu,690,,19.0,7.0
663,2020-04-08,Telengana,427,,35.0,7.0
664,2020-04-08,Tripura,1,,0.0,0.0
665,2020-04-08,Uttarakhand,31,,5.0,0.0
666,2020-04-08,Uttar Pradesh,343,,26.0,3.0
667,2020-04-08,West Bengal,99,,13.0,5.0
668,2020-04-09,Andhra Pradesh,348,,6.0,4.0
669,2020-04-09,Andaman and Nicobar,11,,0.0,0.0
670,2020-04-09,Arunachal Pradesh,1,,0.0,0.0
671,2020-04-09,Assam,28,,0.0,0.0
672,2020-04-09,Bihar,39,,0.0,1.0
673,2020-04-09,Chandigarh,18,,7.0,0.0
674,2020-04-09,Chhattisgarh,10,,9.0,0.0
675,2020-04-09,NCT of Delhi,669,,21.0,9.0
676,2020-04-09,Goa,7,,0.0,0.0
677,2020-04-09,Gujarat,179,,25.0,16.0
678,2020-04-09,Haryana,169,,29.0,3.0
679,2020-04-09,Himachal Pradesh,18,,2.0,1.0
680,2020-04-09,Jammu and Kashmir,158,,4.0,4.0
681,2020-04-09,Jharkhand,13,,0.0,0.0
682,2020-04-09,Karnataka,181,,28.0,5.0
683,2020-04-09,Kerala,345,,83.0,2.0
684,2020-04-09,Ladakh,14,,10.0,0.0
685,2020-04-09,Madhya Pradesh,259,,0.0,16.0
686,2020-04-09,Maharashtra,1135,,117.0,72.0
687,2020-04-09,Manipur,2,,1.0,0.0
688,2020-04-09,Mizoram,1,,0.0,0.0
689,2020-04-09,Odisha,42,,2.0,1.0
690,2020-04-09,Puducherry,5,,1.0,0.0
691,2020-04-09,Punjab,101,,4.0,8.0
692,2020-04-09,Rajasthan,383,,21.0,3.0
693,2020-04-09,Tamil Nadu,738,,21.0,8.0
694,2020-04-09,Telengana,442,,35.0,7.0
695,2020-04-09,Tripura,1,,0.0,0.0
696,2020-04-09,Uttarakhand,35,,5.0,0.0
697,2020-04-09,Uttar Pradesh,410,,31.0,4.0
698,2020-04-09,West Bengal,103,,16.0,5.0
699,2020-04-10,Andhra Pradesh,363,,7.0,6.0
700,2020-04-10,Andaman and Nicobar,11,,0.0,0.0
701,2020-04-10,Arunachal Pradesh,1,,0.0,0.0
702,2020-04-10,Assam,29,,0.0,0.0
703,2020-04-10,Bihar,60,,0.0,1.0
704,2020-04-10,Chandigarh,18,,7.0,0.0
705,2020-04-10,Chhattisgarh,10,,9.0,0.0
706,2020-04-10,NCT of Delhi,898,,25.0,13.0
707,2020-04-10,Goa,7,,1.0,0.0
708,2020-04-10,Gujarat,241,,26.0,17.0
709,2020-04-10,Haryana,169,,29.0,3.0
710,2020-04-10,Himachal Pradesh,28,,6.0,1.0
711,2020-04-10,Jammu and Kashmir,184,,6.0,4.0
712,2020-04-10,Jharkhand,13,,0.0,1.0
713,2020-04-10,Karnataka,197,,30.0,6.0
714,2020-04-10,Kerala,357,,96.0,2.0
715,2020-04-10,Ladakh,15,,10.0,0.0
716,2020-04-10,Madhya Pradesh,259,,0.0,16.0
717,2020-04-10,Maharashtra,1364,,125.0,97.0
718,2020-04-10,Manipur,2,,1.0,0.0
719,2020-04-10,Mizoram,1,,0.0,0.0
720,2020-04-10,Odisha,44,,2.0,1.0
721,2020-04-10,Puducherry,5,,1.0,0.0
722,2020-04-10,Punjab,132,,5.0,11.0
723,2020-04-10,Rajasthan,463,,21.0,3.0
724,2020-04-10,Tamil Nadu,834,,21.0,8.0
725,2020-04-10,Telengana,473,,35.0,7.0
726,2020-04-10,Tripura,1,,0.0,0.0
727,2020-04-10,Uttarakhand,35,,5.0,0.0
728,2020-04-10,Uttar Pradesh,431,,32.0,4.0
729,2020-04-10,West Bengal,116,,16.0,5.0
730,2020-04-11,Andhra Pradesh,381,,11.0,6.0
731,2020-04-11,Andaman and Nicobar,11,,0.0,0.0
732,2020-04-11,Arunachal Pradesh,1,,0.0,0.0
733,2020-04-11,Assam,29,,0.0,1.0
734,2020-04-11,Bihar,60,,0.0,1.0
735,2020-04-11,Chandigarh,18,,7.0,0.0
736,2020-04-11,Chhattisgarh,18,,9.0,0.0
737,2020-04-11,NCT of Delhi,903,,25.0,14.0
738,2020-04-11,Goa,7,,1.0,0.0
739,2020-04-11,Gujarat,308,,31.0,19.0
740,2020-04-11,Haryana,177,,29.0,3.0
741,2020-04-11,Himachal Pradesh,28,,6.0,1.0
742,2020-04-11,Jammu and Kashmir,207,,6.0,4.0
743,2020-04-11,Jharkhand,17,,0.0,1.0
744,2020-04-11,Karnataka,214,,37.0,6.0
745,2020-04-11,Kerala,364,,123.0,2.0
746,2020-04-11,Ladakh,15,,10.0,0.0
747,2020-04-11,Madhya Pradesh,443,,0.0,33.0
748,2020-04-11,Maharashtra,1574,,188.0,110.0
749,2020-04-11,Manipur,2,,1.0,0.0
750,2020-04-11,Mizoram,1,,0.0,0.0
751,2020-04-11,Odisha,48,,2.0,1.0
752,2020-04-11,Puducherry,7,,1.0,0.0
753,2020-04-11,Punjab,132,,5.0,11.0
754,2020-04-11,Rajasthan,553,,21.0,3.0
755,2020-04-11,Tamil Nadu,911,,44.0,8.0
756,2020-04-11,Telengana,504,,43.0,9.0
757,2020-04-11,Tripura,2,,0.0,0.0
758,2020-04-11,Uttarakhand,35,,5.0,0.0
759,2020-04-11,Uttar Pradesh,433,,32.0,4.0
760,2020-04-11,West Bengal,126,,16.0,5.0
761,2020-04-12,Andhra Pradesh,381,,11.0,6.0
762,2020-04-12,Andaman and Nicobar,11,,10.0,0.0
763,2020-04-12,Arunachal Pradesh,1,,0.0,0.0
764,2020-04-12,Assam,29,,0.0,1.0
765,2020-04-12,Bihar,64,,19.0,1.0
766,2020-04-12,Chandigarh,19,,7.0,0.0
767,2020-04-12,Chhattisgarh,25,,10.0,0.0
768,2020-04-12,NCT of Delhi,1069,,25.0,19.0
769,2020-04-12,Goa,7,,5.0,0.0
770,2020-04-12,Gujarat,432,,44.0,22.0
771,2020-04-12,Haryana,185,,29.0,3.0
772,2020-04-12,Himachal Pradesh,32,,6.0,1.0
773,2020-04-12,Jammu and Kashmir,224,,6.0,4.0
774,2020-04-12,Jharkhand,17,,0.0,1.0
775,2020-04-12,Karnataka,226,,37.0,6.0
776,2020-04-12,Kerala,374,,142.0,2.0
777,2020-04-12,Ladakh,15,,10.0,0.0
778,2020-04-12,Madhya Pradesh,564,,0.0,36.0
779,2020-04-12,Maharashtra,1761,,208.0,127.0
780,2020-04-12,Manipur,2,,1.0,0.0
781,2020-04-12,Mizoram,1,,0.0,0.0
782,2020-04-12,Odisha,54,,12.0,1.0
783,2020-04-12,Puducherry,7,,1.0,0.0
784,2020-04-12,Punjab,151,,5.0,11.0
785,2020-04-12,Rajasthan,700,,21.0,3.0
786,2020-04-12,Tamil Nadu,969,,44.0,10.0
787,2020-04-12,Telengana,504,,43.0,9.0
788,2020-04-12,Tripura,2,,0.0,0.0
789,2020-04-12,Uttarakhand,35,,5.0,0.0
790,2020-04-12,Uttar Pradesh,452,,45.0,5.0
791,2020-04-12,West Bengal,134,,19.0,5.0
792,2020-04-13,Andhra Pradesh,432,,11.0,7.0
793,2020-04-13,Andaman and Nicobar,11,,10.0,0.0
794,2020-04-13,Arunachal Pradesh,1,,0.0,0.0
795,2020-04-13,Assam,31,,0.0,1.0
796,2020-04-13,Bihar,64,,26.0,1.0
797,2020-04-13,Chandigarh,21,,7.0,0.0
798,2020-04-13,Chhattisgarh,31,,10.0,0.0
799,2020-04-13,NCT of Delhi,1154,,27.0,24.0
800,2020-04-13,Goa,7,,5.0,0.0
801,2020-04-13,Gujarat,539,,47.0,26.0
802,2020-04-13,Haryana,185,,29.0,3.0
803,2020-04-13,Himachal Pradesh,32,,13.0,1.0
804,2020-04-13,Jammu and Kashmir,245,,6.0,4.0
805,2020-04-13,Jharkhand,19,,0.0,2.0
806,2020-04-13,Karnataka,247,,59.0,6.0
807,2020-04-13,Kerala,376,,179.0,3.0
808,2020-04-13,Ladakh,15,,10.0,0.0
809,2020-04-13,Madhya Pradesh,604,,44.0,43.0
810,2020-04-13,Maharashtra,1985,,217.0,149.0
811,2020-04-13,Manipur,2,,1.0,0.0
812,2020-04-13,Mizoram,1,,0.0,0.0
813,2020-04-13,Nagaland,1,,0.0,0.0
814,2020-04-13,Odisha,54,,12.0,1.0
815,2020-04-13,Puducherry,7,,1.0,0.0
816,2020-04-13,Punjab,167,,14.0,11.0
817,2020-04-13,Rajasthan,812,,21.0,3.0
818,2020-04-13,Tamil Nadu,1075,,50.0,11.0
819,2020-04-13,Telengana,562,,100.0,16.0
820,2020-04-13,Tripura,2,,0.0,0.0
821,2020-04-13,Uttarakhand,35,,5.0,0.0
822,2020-04-13,Uttar Pradesh,483,,47.0,5.0
823,2020-04-13,West Bengal,152,,29.0,7.0
824,2020-04-14,Andhra Pradesh,473,,14.0,9.0
825,2020-04-14,Andaman and Nicobar,11,,10.0,0.0
826,2020-04-14,Arunachal Pradesh,1,,0.0,0.0
827,2020-04-14,Assam,31,,0.0,1.0
828,2020-04-14,Bihar,66,,26.0,1.0
829,2020-04-14,Chandigarh,21,,7.0,0.0
830,2020-04-14,Chhattisgarh,31,,10.0,0.0
831,2020-04-14,NCT of Delhi,1510,,30.0,28.0
832,2020-04-14,Goa,7,,5.0,0.0
833,2020-04-14,Gujarat,617,,55.0,26.0
834,2020-04-14,Haryana,199,,34.0,3.0
835,2020-04-14,Himachal Pradesh,32,,13.0,1.0
836,2020-04-14,Jammu and Kashmir,270,,16.0,4.0
837,2020-04-14,Jharkhand,24,,0.0,2.0
838,2020-04-14,Karnataka,258,,65.0,9.0
839,2020-04-14,Kerala,379,,198.0,3.0
840,2020-04-14,Ladakh,15,,10.0,0.0
841,2020-04-14,Madhya Pradesh,730,,51.0,50.0
842,2020-04-14,Maharashtra,2337,,229.0,160.0
843,2020-04-14,Manipur,2,,1.0,0.0
844,2020-04-14,Meghalaya,1,,0.0,0.0
845,2020-04-14,Mizoram,1,,0.0,0.0
846,2020-04-14,Nagaland,1,,0.0,0.0
847,2020-04-14,Odisha,55,,18.0,1.0
848,2020-04-14,Puducherry,7,,1.0,0.0
849,2020-04-14,Punjab,176,,14.0,12.0
850,2020-04-14,Rajasthan,879,,133.0,3.0
851,2020-04-14,Tamil Nadu,1173,,58.0,11.0
852,2020-04-14,Telengana,624,,100.0,17.0
853,2020-04-14,Tripura,2,,0.0,0.0
854,2020-04-14,Uttarakhand,35,,7.0,0.0
855,2020-04-14,Uttar Pradesh,657,,49.0,5.0
856,2020-04-14,West Bengal,190,,36.0,7.0
857,2020-04-15,Andaman and Nicobar,11,,10.0,0.0
858,2020-04-15,Andhra Pradesh,503,,16.0,9.0
859,2020-04-15,Arunachal Pradesh,1,,0.0,0.0
860,2020-04-15,Assam,33,,0.0,1.0
861,2020-04-15,Bihar,70,,29.0,1.0
862,2020-04-15,Chandigarh,21,,7.0,0.0
863,2020-04-15,Chhattisgarh,33,,13.0,0.0
864,2020-04-15,NCT of Delhi,1561,,30.0,30.0
865,2020-04-15,Goa,7,,5.0,0.0
866,2020-04-15,Gujarat,695,,59.0,30.0
867,2020-04-15,Haryana,199,,34.0,3.0
868,2020-04-15,Himachal Pradesh,33,,13.0,1.0
869,2020-04-15,Jammu and Kashmir,278,,30.0,4.0
870,2020-04-15,Jharkhand,27,,0.0,2.0
871,2020-04-15,Karnataka,277,,75.0,11.0
872,2020-04-15,Kerala,387,,211.0,3.0
873,2020-04-15,Ladakh,17,,10.0,0.0
874,2020-04-15,Madhya Pradesh,987,,64.0,53.0
875,2020-04-15,Maharashtra,2687,,259.0,178.0
876,2020-04-15,Manipur,2,,1.0,0.0
877,2020-04-15,Meghalaya,7,,0.0,1.0
878,2020-04-15,Mizoram,1,,0.0,0.0
879,2020-04-15,Nagaland,0,,0.0,0.0
880,2020-04-15,Odisha,60,,18.0,1.0
881,2020-04-15,Puducherry,7,,1.0,0.0
882,2020-04-15,Punjab,186,,14.0,13.0
883,2020-04-15,Rajasthan,1005,,147.0,3.0
884,2020-04-15,Tamil Nadu,1204,,81.0,12.0
885,2020-04-15,Telengana,647,,120.0,18.0
886,2020-04-15,Tripura,2,,0.0,0.0
887,2020-04-15,Uttarakhand,37,,9.0,0.0
888,2020-04-15,Uttar Pradesh,735,,51.0,11.0
889,2020-04-15,West Bengal,213,,37.0,7.0
